[{"model": "historias.formato", "pk": 1, "fields": {"nombre": "historia clinica de estetica", "contenido": [{"nombre": "Antecedentes", "fields": [{"tipo": "titulo", "nombre": "Personales"}, {"tipo": "switch", "nombre": "HTA"}, {"tipo": "switch", "nombre": "Alteraciones tiroideas"}, {"tipo": "switch", "nombre": "Diabetes"}, {"tipo": "switch", "nombre": "Hipoglicemia"}, {"tipo": "switch", "nombre": "IAM"}, {"tipo": "switch", "nombre": "Alergias"}, {"tipo": "switch", "nombre": "ECV"}, {"tipo": "text", "nombre": "Otro"}, {"tipo": "switch", "nombre": "Cx"}, {"tipo": "text", "nombre": "\u00bfCuales?"}, {"tipo": "titulo", "nombre": "Familiares"}, {"tipo": "switch", "nombre": "HTA"}, {"tipo": "switch", "nombre": "Diabetes"}, {"tipo": "switch", "nombre": "IAM"}, {"tipo": "switch", "nombre": "ECV"}, {"tipo": "switch", "nombre": "Hipoglicemia"}, {"tipo": "switch", "nombre": "Alteraciones tiroideas"}, {"tipo": "text", "nombre": "Parentesco"}]}, {"nombre": "Factores de riesgo", "fields": [{"tipo": "switch", "nombre": "Fuma"}, {"tipo": "switch", "nombre": "Ingiere licor"}, {"tipo": "text", "nombre": "Frecuencia"}, {"tipo": "switch", "nombre": "Trasnochos"}, {"tipo": "text", "nombre": "Frecuencia"}, {"tipo": "switch", "nombre": "Mantiene habitos de alimentaci\u00f3n saludables"}]}, {"nombre": "Consulta", "fields": [{"required": true, "tipo": "textarea", "nombre": "Motivo de consulta"}, {"required": true, "tipo": "textarea", "nombre": "Enfermedad actual"}, {"required": true, "tipo": "textarea", "nombre": "Diagnostico"}]}, {"nombre": "Perspectiva del tratamiento", "fields": [{"tipo": "switch", "nombre": "Embellecer"}, {"tipo": "switch", "nombre": "Prevenir"}, {"tipo": "switch", "nombre": "Rejuvenecer"}, {"tipo": "textarea", "nombre": "Principales objetivos del paciente"}]}, {"nombre": "Evaluaci\u00f3n facial", "fields": [{"options": [{"label": "Ovalado", "value": 1}, {"label": "Redondo", "value": 2}, {"label": "Cuadrado", "value": 3}, {"label": "Alargado", "value": 4}, {"label": "Triangular invertido", "value": 5}], "tipo": "select", "nombre": "Tipo de rostro"}, {"tipo": "titulo", "nombre": "Tercio superior"}, {"tipo": "switch", "nombre": "Lineas frontales"}, {"tipo": "switch", "nombre": "Glabela"}, {"tipo": "switch", "nombre": "Patas de gallo"}, {"tipo": "switch", "nombre": "Perdida de volumen en la regi\u00f3n temporal"}, {"tipo": "switch", "nombre": "Ca\u00edda de las cejas"}, {"tipo": "titulo", "nombre": "Tercio medio"}, {"tipo": "switch", "nombre": "Ojeras"}, {"tipo": "switch", "nombre": "Bunny-lines(lineas nasales)"}, {"tipo": "switch", "nombre": "Perdida de volumen malar"}, {"tipo": "switch", "nombre": "Surco nasogeniano"}, {"tipo": "titulo", "nombre": "Tercio inferior"}, {"tipo": "switch", "nombre": "Arrugas periorales"}, {"tipo": "switch", "nombre": "Perdida de volumen y contorno labial"}, {"tipo": "switch", "nombre": "Caida de las comisuraas labiales"}, {"tipo": "switch", "nombre": "Perdida de la definici\u00f3n del filtro labial"}, {"tipo": "switch", "nombre": "L\u00edneas del ment\u00f3n"}, {"tipo": "switch", "nombre": "L\u00edneas de marioneta"}, {"tipo": "switch", "nombre": "Perdida del contorno facial"}, {"tipo": "titulo", "nombre": "Piel"}, {"tipo": "switch", "nombre": "Perdida de la elasticidad"}, {"tipo": "switch", "nombre": "Disminuci\u00f3n de la hidrataci\u00f3n"}, {"tipo": "switch", "nombre": "Alteraciones de la pigmentaci\u00f3n"}]}, {"nombre": "Tratamientos", "fields": [{"tipo": "textarea", "nombre": "Plan de tratamiento"}, {"tipo": "textarea", "nombre": "Fase 1"}, {"tipo": "textarea", "nombre": "Fase 2"}, {"tipo": "textarea", "nombre": "Fase 3"}, {"tipo": "textarea", "nombre": "Observaciones"}]}], "triage": false}}, {"model": "historias.formato", "pk": 2, "fields": {"nombre": "historia clinica de estetica corporal", "contenido": [{"nombre": "Antecedentes", "fields": [{"tipo": "titulo", "nombre": "Personales"}, {"tipo": "switch", "nombre": "HTA"}, {"tipo": "switch", "nombre": "Alteraciones tiroideas"}, {"tipo": "switch", "nombre": "Diabetes"}, {"tipo": "switch", "nombre": "Hipoglicemia"}, {"tipo": "switch", "nombre": "IAM"}, {"tipo": "switch", "nombre": "Alergias"}, {"tipo": "switch", "nombre": "ECV"}, {"tipo": "text", "nombre": "Otro"}, {"tipo": "switch", "nombre": "Cx"}, {"tipo": "text", "nombre": "\u00bfCuales?"}, {"tipo": "titulo", "nombre": "Familiares"}, {"tipo": "switch", "nombre": "HTA"}, {"tipo": "switch", "nombre": "Diabetes"}, {"tipo": "switch", "nombre": "IAM"}, {"tipo": "switch", "nombre": "ECV"}, {"tipo": "switch", "nombre": "Hipoglicemia"}, {"tipo": "switch", "nombre": "Alteraciones tiroideas"}, {"tipo": "text", "nombre": "Parentesco"}]}, {"nombre": "Factores de riesgo", "fields": [{"tipo": "switch", "nombre": "Fuma"}, {"tipo": "switch", "nombre": "Ingiere licor"}, {"tipo": "text", "nombre": "Frecuencia"}, {"tipo": "switch", "nombre": "Trasnochos"}, {"tipo": "text", "nombre": "Frecuencia"}, {"tipo": "switch", "nombre": "Mantiene habitos de alimentaci\u00f3n saludables"}]}, {"nombre": "Consulta", "fields": [{"required": true, "tipo": "textarea", "nombre": "Motivo de consulta"}, {"required": true, "tipo": "textarea", "nombre": "Enfermedad actual"}, {"required": true, "tipo": "textarea", "nombre": "Diagnostico"}]}, {"nombre": "Examen fisico", "fields": [{"tipo": "titulo", "nombre": "Signos vitales"}, {"tipo": "text", "nombre": "T.A."}, {"tipo": "text", "nombre": "Frecuencia cardiaca"}, {"tipo": "text", "nombre": "Frecuencia respiratoria"}, {"tipo": "text", "nombre": "Pulso"}, {"tipo": "titulo", "nombre": "Medidas"}, {"tipo": "number", "nombre": "Peso(kg)"}, {"tipo": "number", "nombre": "Talla(Cm)"}, {"tipo": "number", "nombre": "Cintura abdominal(Cm)"}, {"tipo": "number", "nombre": "Abdomen superior(Cm)"}, {"tipo": "number", "nombre": "Abdomen medio(Cm)"}, {"tipo": "number", "nombre": "Abdomen inferior(Cm)"}, {"tipo": "number", "nombre": "Cadera(Cm)"}, {"tipo": "number", "nombre": "Miembro superior izquierdo(Cm)"}, {"tipo": "number", "nombre": "Miembro superior derecho(Cm)"}, {"tipo": "number", "nombre": "Miembro inferior izquierdo(Cm)"}, {"tipo": "number", "nombre": "Miembro inferior derecho(Cm)"}, {"tipo": "titulo", "nombre": "Inspecci\u00f3n"}, {"options": [{"label": "I", "value": 1}, {"label": "II", "value": 2}, {"label": "III", "value": 3}, {"label": "IV", "value": 4}], "tipo": "select", "nombre": "Fototipo"}, {"options": [{"label": "Normal", "value": 1}, {"label": "Delgada", "value": 2}, {"label": "Gruesa", "value": 3}], "tipo": "select", "nombre": "Tipo de piel"}, {"options": [{"label": "Normal", "value": 1}, {"label": "Disminuida", "value": 2}], "tipo": "select", "nombre": "Movilidad"}, {"options": [{"label": "Normal", "value": 1}, {"label": "Disminuida", "value": 2}, {"label": "Aumentada", "value": 3}], "tipo": "select", "nombre": "Elasticidad"}, {"tipo": "titulo", "nombre": "Palpaci\u00f3n"}, {"tipo": "switch", "nombre": "Puntos de dolor"}, {"tipo": "switch", "nombre": "Edema"}, {"tipo": "text", "nombre": "Grado"}, {"tipo": "switch", "nombre": "Cicatrices"}, {"tipo": "switch", "nombre": "Moviles"}, {"tipo": "switch", "nombre": "Adheridas"}, {"tipo": "switch", "nombre": "Queloides"}, {"tipo": "switch", "nombre": "Hipertroficas"}]}, {"nombre": "Tratamiento", "fields": [{"tipo": "textarea", "nombre": "Plan de tratamiento"}, {"tipo": "textarea", "nombre": "Objetivos a lograr"}, {"tipo": "textarea", "nombre": "Productos recomendados en casa"}, {"tipo": "textarea", "nombre": "Observaciones"}]}], "triage": false}}, {"model": "historias.formato", "pk": 3, "fields": {"nombre": "historia nutricional", "contenido": [{"nombre": "Informaci\u00f3n nutricional", "fields": [{"options": [{"label": "Bueno", "value": 1}, {"label": "Malo", "value": 2}, {"label": "Regular", "value": 3}], "required": true, "tipo": "select", "nombre": "Apetito"}, {"tipo": "switch", "nombre": "Masticaci\u00f3n"}, {"tipo": "switch", "nombre": "Actividad fisica"}, {"tipo": "textarea", "nombre": "Cual?"}, {"tipo": "switch", "nombre": "Fuma?"}, {"tipo": "switch", "nombre": "Toma bebidas alcoholicas?"}, {"tipo": "titulo", "nombre": "Habitos Digestivos"}, {"tipo": "switch", "nombre": "Nauseas"}, {"tipo": "switch", "nombre": "Vomitos"}, {"tipo": "switch", "nombre": "Diarrea"}, {"tipo": "switch", "nombre": "Estre\u00f1imiento"}, {"tipo": "switch", "nombre": "Distenci\u00f3n Abdominal"}, {"tipo": "switch", "nombre": "Flatulencia"}, {"tipo": "switch", "nombre": "Ninguno"}, {"options": [{"label": "Diario", "value": 1}, {"label": "Interdiario", "value": 2}, {"label": "Semanal", "value": 3}], "tipo": "select", "nombre": "Frecuencia intestinal"}, {"tipo": "text", "nombre": "Ingesta hidrica"}, {"tipo": "titulo", "nombre": "Preferencias Alimentarias"}, {"tipo": "textarea", "nombre": "Alimentos preferidos"}, {"tipo": "textarea", "nombre": "Alimentos rechazados"}, {"tipo": "textarea", "nombre": "Alergias alimenticias"}, {"tipo": "textarea", "nombre": "Otras"}]}, {"nombre": "Anamnesis Alimentaria", "fields": [{"value": "Hora: ", "tipo": "textarea", "nombre": "Desayuno"}, {"value": "Hora: ", "tipo": "textarea", "nombre": "Medias ma\u00f1anas"}, {"value": "Hora: ", "tipo": "textarea", "nombre": "Almuerzo"}, {"value": "Hora: ", "tipo": "textarea", "nombre": "Medias tardes"}, {"value": "Hora: ", "tipo": "textarea", "nombre": "Cena"}, {"value": "Hora: ", "tipo": "textarea", "nombre": "Colacion nocturna"}, {"tipo": "switch", "nombre": "Adecuado en proteinas"}, {"tipo": "switch", "nombre": "Adecuado en carbohidratos"}]}, {"nombre": "Datos Antropometricos", "fields": [{"tipo": "number", "nombre": "Peso Actual"}, {"tipo": "number", "nombre": "Estatura"}, {"tipo": "number", "nombre": "C. Abdominal"}, {"tipo": "number", "nombre": "C. Cadera"}, {"tipo": "number", "nombre": "IMC"}, {"tipo": "number", "nombre": "Peso Ideal"}, {"tipo": "number", "nombre": "Peso Saludable"}]}, {"nombre": "Diagnostico/Tratamiento", "fields": [{"options": [{"label": "Eutrofico", "value": 1}, {"label": "Sobrepeso", "value": 2}, {"label": "Obesidad grado 1", "value": 3}, {"label": "Obesidad grado 2", "value": 4}, {"label": "Obesidad morbida", "value": 5}], "required": true, "tipo": "select", "nombre": "Diagnostico nutricional"}, {"required": true, "tipo": "textarea", "nombre": "Tratamiento nutricional"}]}, {"nombre": "Evoluci\u00f3n Nutricional", "fields": [{"tipo": "textarea", "nombre": "Evoluci\u00f3n"}]}], "triage": false}}, {"model": "historias.formato", "pk": 4, "fields": {"nombre": "historia clinica", "contenido": [{"nombre": "Consulta", "fields": [{"required": true, "tipo": "text", "nombre": "Motivo de consulta"}, {"tipo": "textarea", "nombre": "Enfermedad actual"}]}, {"nombre": "Revisi\u00f3n por sistemas", "fields": [{"value": "No refiere s\u00edntomas", "tipo": "textarea", "nombre": "Organos de los sentidos"}, {"value": "No refiere s\u00edntomas", "tipo": "textarea", "nombre": "Piel y faneras"}, {"value": "No refiere s\u00edntomas", "tipo": "textarea", "nombre": "Sistema respiratorio"}, {"value": "No refiere s\u00edntomas", "tipo": "textarea", "nombre": "Sistema cardio vascular"}, {"value": "No refiere s\u00edntomas", "tipo": "textarea", "nombre": "Sistema digestivo"}, {"value": "No refiere s\u00edntomas", "tipo": "textarea", "nombre": "Sistema genitourinario"}, {"value": "No refiere s\u00edntomas", "tipo": "textarea", "nombre": "Sistema nervioso central"}, {"value": "No refiere s\u00edntomas", "tipo": "textarea", "nombre": "Sistema locomotor y muscular"}, {"value": "No refiere s\u00edntomas", "tipo": "textarea", "nombre": "Sistema reproductivo"}, {"value": "No refiere s\u00edntomas", "tipo": "textarea", "nombre": "Otros"}]}, {"nombre": "Antecedentes", "fields": [{"tipo": "titulo", "nombre": "Personales"}, {"tipo": "switch", "nombre": "Hipertensi\u00f3n"}, {"tipo": "switch", "nombre": "Diabetes"}, {"tipo": "switch", "nombre": "Taquicardia"}, {"tipo": "switch", "nombre": "Precordalgia"}, {"tipo": "switch", "nombre": "IAM"}, {"tipo": "switch", "nombre": "ECV"}, {"tipo": "switch", "nombre": "Dislipidemias"}, {"tipo": "switch", "nombre": "Hipotiroidismo"}, {"tipo": "switch", "nombre": "Hipertiroidismo"}, {"tipo": "textarea", "nombre": "Indique cuales antecedentes de los escogidos son recientes"}, {"value": "Negativos", "tipo": "textarea", "nombre": "Medicos"}, {"value": "Negativos", "tipo": "textarea", "nombre": "Quir\u00fargicos"}, {"value": "Negativos", "tipo": "textarea", "nombre": "Transfusiones"}, {"value": "Negativos", "tipo": "textarea", "nombre": "Traum\u00e1ticos"}, {"value": "Negativos", "tipo": "textarea", "nombre": "Al\u00e9rgicos"}, {"value": "Negativos", "tipo": "textarea", "nombre": "T\u00f3xicos"}, {"value": "Negativos", "tipo": "textarea", "nombre": "Ets"}, {"value": "Negativos", "tipo": "textarea", "nombre": "Famacologicos"}, {"tipo": "titulo", "nombre": "Gineco-Obstetricos"}, {"value": 11, "tipo": "text", "nombre": "Menarquia"}, {"tipo": "date", "nombre": "FUM"}, {"value": 1, "tipo": "text", "nombre": "Gesta"}, {"value": 1, "tipo": "text", "nombre": "Parto"}, {"value": 0, "tipo": "text", "nombre": "Aborto"}, {"value": 1, "tipo": "text", "nombre": "Cesarea"}, {"value": 0, "tipo": "text", "nombre": "Ectopico"}, {"tipo": "titulo", "nombre": "Familiares"}, {"tipo": "switch", "nombre": "Hipertensi\u00f3n"}, {"tipo": "switch", "nombre": "Diabetes"}, {"tipo": "switch", "nombre": "IAM"}, {"tipo": "switch", "nombre": "ECV"}, {"tipo": "switch", "nombre": "Dislipidemias"}, {"tipo": "switch", "nombre": "C\u00e1ncer"}, {"tipo": "textarea", "nombre": "Parentesco"}]}, {"nombre": "Examen fisico", "fields": [{"tipo": "number", "nombre": "Peso(Kg)"}, {"tipo": "number", "nombre": "Talla(Cm)"}, {"tipo": "number", "nombre": "M. Corporal"}, {"tipo": "number", "nombre": "Peso Teorico(Kg)"}, {"tipo": "number", "nombre": "Peso Deseado(Kg)"}, {"tipo": "number", "nombre": "Peso Promedio(Kg)"}, {"tipo": "number", "nombre": "Cintura Abd(Cm)"}, {"tipo": "number", "nombre": "Cadera(Cm)"}, {"tipo": "number", "nombre": "ICC"}, {"tipo": "titulo", "nombre": "Pliegues"}, {"tipo": "number", "nombre": "Bicipital"}, {"tipo": "number", "nombre": "Tricipital"}, {"tipo": "number", "nombre": "Subscapular"}, {"tipo": "number", "nombre": "Supra iliaco"}, {"tipo": "number", "nombre": "% Graso"}, {"tipo": "number", "nombre": "MG"}, {"tipo": "number", "nombre": "MM"}, {"tipo": "number", "nombre": "Grasa V"}, {"tipo": "number", "nombre": "Met Basal"}, {"tipo": "titulo", "nombre": "Triage"}, {"tipo": "number", "nombre": "PA (mmHg)", "triage": true}, {"tipo": "number", "nombre": "FC (Lat/min)", "triage": true}, {"tipo": "number", "nombre": "Pulso(min)", "triage": true}, {"tipo": "number", "nombre": "FR (min)", "triage": true}, {"tipo": "number", "nombre": "T (\u00baC)", "triage": true}, {"tipo": "textarea", "nombre": "Descripci\u00f3n", "triage": true}, {"tipo": "titulo", "nombre": "Examen detallado"}, {"value": "No se explora", "tipo": "textarea", "nombre": "Cabeza, Cara y Cuello"}, {"value": "No se explora", "tipo": "textarea", "nombre": "ORL"}, {"value": "No se explora", "tipo": "textarea", "nombre": "Sistema Respiratorio"}, {"value": "No se explora", "tipo": "textarea", "nombre": "Sistema Cardiovascular"}, {"value": "No se explora", "tipo": "textarea", "nombre": "Sistema Digestivo"}, {"value": "No se explora", "tipo": "textarea", "nombre": "Sistema Genitourinario"}, {"value": "No se explora", "tipo": "textarea", "nombre": "Tacto Rectal"}]}, {"nombre": "Impresi\u00f3n Diagnostica", "fields": [{"tipo": "textarea", "nombre": "Impresi\u00f3n diagnostica"}, {"tipo": "textarea", "nombre": "An\u00e1lisis"}]}, {"nombre": "Plan", "fields": [{"tipo": "textarea", "nombre": "Diagn\u00f3stico"}, {"tipo": "titulo", "nombre": "Tratamiento Terapeutico"}, {"tipo": "textarea", "nombre": "Medico"}, {"tipo": "textarea", "nombre": "Nutricional"}, {"tipo": "number", "nombre": "Cita de control (d\u00edas)"}]}, {"nombre": "Laboratorios", "fields": [{"tipo": "titulo", "nombre": "Laboratorios Ordenados"}, {"items": [], "tipo": "table", "fields": [{"required": true, "tipo": "text", "nombre": "nombre"}]}, {"tipo": "titulo", "nombre": "Resultados de Laboratorio"}, {"tipo": "textarea", "nombre": "resultados"}]}, {"nombre": "Remisiones", "fields": [{"tipo": "text", "nombre": "para"}, {"tipo": "textarea", "nombre": "motivo"}, {"tipo": "textarea", "nombre": "remisi\u00f3n interna"}]}, {"nombre": "Rips", "fields": [{"options": [{"label": "Enfermedad general", "value": 1}, {"label": "Enfermedad profesional", "value": 2}, {"label": "Accidente de trabajo", "value": 3}, {"label": "Accidente de tr\u00e1nsito", "value": 4}, {"label": "Accidente r\u00e1bico", "value": 5}, {"label": "Accidente of\u00eddico", "value": 6}, {"label": "Otro tipo de accidente", "value": 7}, {"label": "Evento catastr\u00f3fico", "value": 8}, {"label": "Lesi\u00f3n por agresi\u00f3n", "value": 9}, {"label": "Lesi\u00f3n auto inflingida", "value": 10}, {"label": "Sospecha de maltrato f\u00edsico", "value": 11}, {"label": "Sospecha de abuso sexual", "value": 12}, {"label": "Sospecha de maltrato emocional", "value": 13}, {"label": "Otra", "value": 14}], "tipo": "select", "nombre": "Causa externa"}, {"options": [{"label": "Impresi\u00f3n diagn\u00f3stica", "value": 1}, {"label": "Confirmado nuevo", "value": 2}, {"label": "Confirmado repetido", "value": 3}], "tipo": "select", "nombre": "Tipo diagnostico"}, {"options": [{"label": "Atenci\u00f3n del parto", "value": 1}, {"label": "Atenci\u00f3n del recien nacido", "value": 2}, {"label": "Atenci\u00f3n en planificaci\u00f3n familiar", "value": 3}, {"label": "Detecci\u00f3n de alteraciones de crecimientoy desarrollo del menor de diez a\u00f1os", "value": 4}, {"label": "Detecci\u00f3n de alteraci\u00f3n del desarrollo del joven", "value": 5}, {"label": "Detecci\u00f3n de alteraciones del embarazo", "value": 6}, {"label": "Detecci\u00f3n de alteraciones del adulto", "value": 7}, {"label": "Detecci\u00f3n de alteraciones de agudeza visual", "value": 8}, {"label": "Detecci\u00f3n de enfermedad profesional", "value": 9}, {"label": "No aplica", "value": 10}], "tipo": "select", "nombre": "Finalidad"}, {"options": [{"label": "Adquirido", "value": 1}, {"label": "Traumatico", "value": 1}, {"label": "Alergico", "value": 1}, {"label": "Estetico", "value": 1}, {"label": "Profesional o Laboral", "value": 1}, {"label": "Accidente Laboral", "value": 1}, {"label": "Paciente Sano", "value": 1}, {"label": "Otros", "value": 1}], "tipo": "select", "nombre": "Origen enfermedad"}, {"required": true, "tipo": "relacion", "nombre": "Diagnostico", "url": "/globales/cies/?search"}, {"tipo": "relacion", "nombre": "Diagnostico 1", "url": "/globales/cies/?search"}, {"tipo": "relacion", "nombre": "Diagnostico 2", "url": "/globales/cies/?search"}, {"tipo": "relacion", "nombre": "Diagnostico 3", "url": "/globales/cies/?search"}]}], "triage": true}}, {"model": "historias.formato", "pk": 5, "fields": {"nombre": "Historia clinica psicologica", "contenido": [{"nombre": "Motivo de consulta", "fields": [{"required": true, "tipo": "textarea", "nombre": "Motivo de consulta"}]}, {"nombre": "Diagnosticos y Tratamientos previos", "fields": [{"tipo": "textarea", "nombre": "Diagnostico"}, {"tipo": "switch", "nombre": "\u00bfMedicaci\u00f3n psiquiatrica?"}, {"tipo": "text", "nombre": "\u00bfCual?"}, {"tipo": "text", "nombre": "\u00bfDesde cuando?"}, {"tipo": "date", "nombre": "Fecha de ingreso al centro medico"}, {"tipo": "text", "nombre": "Tiempo de tratamiento"}, {"tipo": "textarea", "nombre": "Reacci\u00f3n inicial (cognoscitivo, emocional, conductual)"}, {"tipo": "textarea", "nombre": "Reacci\u00f3n actual (adaptaci\u00f3n y aceptaci\u00f3n de la enfermedad)"}]}, {"nombre": "Adherencia al tratamiento", "fields": [{"tipo": "textarea", "nombre": "Asistencia a controles, toma de medicaci\u00f3n, seguimiento de recomendaciones medicas y nutricionales. etc"}, {"tipo": "textarea", "nombre": "Limitaciones como consecuencia del tratamiento"}, {"tipo": "titulo", "nombre": "Adicciones"}, {"tipo": "switch", "nombre": "Cafeina"}, {"tipo": "switch", "nombre": "Alcohol"}, {"tipo": "switch", "nombre": "Nicotina"}, {"tipo": "switch", "nombre": "Hipnoticos"}, {"tipo": "switch", "nombre": "Sedantes"}, {"tipo": "switch", "nombre": "Ansioliticos"}, {"tipo": "switch", "nombre": "Psicoactivos"}, {"tipo": "switch", "nombre": "Ninguna"}, {"tipo": "text", "nombre": "Caracteristicas de la adicci\u00f3n"}, {"tipo": "switch", "nombre": "\u00bfHa intentado dejarlo?"}, {"tipo": "text", "nombre": "\u00bfComo?"}]}, {"nombre": "Historia personal", "fields": [{"tipo": "textarea", "nombre": "Auto descripci\u00f3n"}, {"tipo": "textarea", "nombre": "Proyeccion hacia el futuro"}, {"tipo": "textarea", "nombre": "Apariencia porte y actitud"}]}, {"nombre": "Dinamica familiar y social", "fields": [{"tipo": "textarea", "nombre": "Con quien vive"}, {"tipo": "textarea", "nombre": "Apoyo familiar (rol de cuidador, adaptabilidad)"}, {"tipo": "textarea", "nombre": "Area social y redes de apoyo"}, {"tipo": "textarea", "nombre": "Area laboral/ocupacional"}, {"tipo": "textarea", "nombre": "Situaciones de crisis emocionalmente perturbadoras(fallecimiento, accidente, enfermedad)"}, {"tipo": "textarea", "nombre": "Impresi\u00f3n diagnostica(adaptabilidad, ajuste, adherencia)"}, {"tipo": "textarea", "nombre": "Observaciones y sugerencias(examenes o intervenciones complementarias)"}]}], "triage": false}}, {"model": "historias.formato", "pk": 6, "fields": {"nombre": "Consentimiento", "contenido": [[]], "triage": false}}, {"model": "servicios.tipo", "pk": 1, "fields": {"nombre": "CONSULTA"}}, {"model": "servicios.servicio", "pk": 51, "fields": {"nombre": "Consulta Medica", "codigo": "", "abreviatura": "NN", "cups": "", "costo": null, "tipo": 1, "formato": 4}}, {"model": "servicios.servicio", "pk": 52, "fields": {"nombre": "Control", "codigo": "", "abreviatura": "NN", "cups": "", "costo": null, "tipo": 1, "formato": 4}}, {"model": "servicios.servicio", "pk": 53, "fields": {"nombre": "Terapia Neural", "codigo": "", "abreviatura": "NN", "cups": "", "costo": null, "tipo": 1, "formato": 6}}, {"model": "servicios.servicio", "pk": 54, "fields": {"nombre": "Toxina Botulinica", "codigo": "", "abreviatura": "NN", "cups": "", "costo": null, "tipo": 1, "formato": 1}}, {"model": "servicios.servicio", "pk": 55, "fields": {"nombre": "Acido Hialuronico", "codigo": "", "abreviatura": "NN", "cups": "", "costo": null, "tipo": 1, "formato": 1}}, {"model": "servicios.servicio", "pk": 56, "fields": {"nombre": "Celulas Madres", "codigo": "", "abreviatura": "NN", "cups": "", "costo": null, "tipo": 1, "formato": 1}}, {"model": "servicios.servicio", "pk": 57, "fields": {"nombre": "Toxina Botulinica Axila", "codigo": "", "abreviatura": "NN", "cups": "", "costo": null, "tipo": 1, "formato": 6}}, {"model": "servicios.servicio", "pk": 58, "fields": {"nombre": "Cavitacion", "codigo": "", "abreviatura": "NN", "cups": "", "costo": null, "tipo": 1, "formato": 2}}, {"model": "servicios.servicio", "pk": 59, "fields": {"nombre": "Lipomesoescultura", "codigo": "", "abreviatura": "NN", "cups": "", "costo": null, "tipo": 1, "formato": 2}}, {"model": "servicios.servicio", "pk": 60, "fields": {"nombre": "Escleroterapia", "codigo": "", "abreviatura": "NN", "cups": "", "costo": null, "tipo": 1, "formato": 2}}, {"model": "servicios.servicio", "pk": 61, "fields": {"nombre": "Cauterizacion", "codigo": "", "abreviatura": "NN", "cups": "", "costo": null, "tipo": 1, "formato": 2}}, {"model": "servicios.servicio", "pk": 62, "fields": {"nombre": "Detoxificacion", "codigo": "", "abreviatura": "NN", "cups": "", "costo": null, "tipo": 1, "formato": null}}, {"model": "servicios.servicio", "pk": 63, "fields": {"nombre": "Higiene Facial", "codigo": "", "abreviatura": "NN", "cups": "", "costo": null, "tipo": 1, "formato": 1}}, {"model": "servicios.servicio", "pk": 64, "fields": {"nombre": "Microdermoabrasion", "codigo": "", "abreviatura": "NN", "cups": "", "costo": null, "tipo": 1, "formato": 1}}, {"model": "servicios.servicio", "pk": 65, "fields": {"nombre": "Alta Nutricion", "codigo": "", "abreviatura": "NN", "cups": "", "costo": null, "tipo": 1, "formato": 1}}, {"model": "servicios.servicio", "pk": 66, "fields": {"nombre": "Silkpell", "codigo": "", "abreviatura": "NN", "cups": "", "costo": null, "tipo": 1, "formato": 1}}, {"model": "servicios.servicio", "pk": 67, "fields": {"nombre": "Radiofrecuencia (F)", "codigo": "", "abreviatura": "NN", "cups": "", "costo": null, "tipo": 1, "formato": 1}}, {"model": "servicios.servicio", "pk": 68, "fields": {"nombre": "Radiofrecuencia (C)", "codigo": "", "abreviatura": "NN", "cups": "", "costo": null, "tipo": 1, "formato": 1}}, {"model": "servicios.servicio", "pk": 69, "fields": {"nombre": "Levantamiento de Gluteos", "codigo": "", "abreviatura": "NN", "cups": "", "costo": null, "tipo": 1, "formato": 1}}, {"model": "servicios.servicio", "pk": 70, "fields": {"nombre": "Moldeamiento Corporal", "codigo": "", "abreviatura": "NN", "cups": "", "costo": null, "tipo": 1, "formato": 1}}, {"model": "servicios.servicio", "pk": 71, "fields": {"nombre": "Micropigmentacion", "codigo": "", "abreviatura": "NN", "cups": "", "costo": null, "tipo": 1, "formato": 1}}, {"model": "servicios.servicio", "pk": 72, "fields": {"nombre": "Depilacion IPL Laser Facial", "codigo": "", "abreviatura": "NN", "cups": "", "costo": null, "tipo": 1, "formato": 1}}, {"model": "servicios.servicio", "pk": 73, "fields": {"nombre": "Depilacion IPL Laser Axilas", "codigo": "", "abreviatura": "NN", "cups": "", "costo": null, "tipo": 1, "formato": 1}}, {"model": "servicios.servicio", "pk": 74, "fields": {"nombre": "Depilacion Cera Media Pierna", "codigo": "", "abreviatura": "NN", "cups": "", "costo": null, "tipo": 1, "formato": 1}}, {"model": "servicios.servicio", "pk": 75, "fields": {"nombre": "Depilacion laser en piernas completa", "codigo": "", "abreviatura": "NN", "cups": "", "costo": null, "tipo": 1, "formato": 1}}, {"model": "servicios.servicio", "pk": 76, "fields": {"nombre": "Despigmenaci\u00f3n entre piernas", "codigo": "", "abreviatura": "NN", "cups": "", "costo": null, "tipo": 1, "formato": 1}}, {"model": "servicios.servicio", "pk": 77, "fields": {"nombre": "Depilacion Cera Espalda", "codigo": "", "abreviatura": "NN", "cups": "", "costo": null, "tipo": 1, "formato": 1}}, {"model": "servicios.servicio", "pk": 78, "fields": {"nombre": "Depilacion Cera Cejas", "codigo": "", "abreviatura": "NN", "cups": "", "costo": null, "tipo": 1, "formato": 1}}, {"model": "servicios.servicio", "pk": 79, "fields": {"nombre": "Depilacion IPL Laser Bozo", "codigo": "", "abreviatura": "NN", "cups": "", "costo": null, "tipo": 1, "formato": 1}}, {"model": "servicios.servicio", "pk": 80, "fields": {"nombre": "Depilacion IPL Laser Bikini Total", "codigo": "", "abreviatura": "NN", "cups": "", "costo": null, "tipo": 1, "formato": 1}}, {"model": "servicios.servicio", "pk": 81, "fields": {"nombre": "Depilacion IPL Laser Bikini Parcial", "codigo": "", "abreviatura": "NN", "cups": "", "costo": null, "tipo": 1, "formato": 1}}, {"model": "servicios.servicio", "pk": 82, "fields": {"nombre": "Depilacion IPL Laser Piernas completa", "codigo": "", "abreviatura": "NN", "cups": "", "costo": null, "tipo": 1, "formato": 1}}, {"model": "servicios.servicio", "pk": 83, "fields": {"nombre": "Depilacion IPL Laser Media pierna", "codigo": "", "abreviatura": "NN", "cups": "", "costo": null, "tipo": 1, "formato": 1}}, {"model": "servicios.servicio", "pk": 84, "fields": {"nombre": "Depilacion IPL Laser Brazos", "codigo": "", "abreviatura": "NN", "cups": "", "costo": null, "tipo": 1, "formato": 1}}, {"model": "servicios.servicio", "pk": 85, "fields": {"nombre": "Depilacion IPL Laser Menton", "codigo": "", "abreviatura": "NN", "cups": "", "costo": null, "tipo": 1, "formato": 1}}, {"model": "servicios.servicio", "pk": 86, "fields": {"nombre": "Masaje de espalda", "codigo": "", "abreviatura": "NN", "cups": "", "costo": null, "tipo": 1, "formato": 1}}, {"model": "servicios.servicio", "pk": 87, "fields": {"nombre": "Masaje completo", "codigo": "", "abreviatura": "NN", "cups": "", "costo": null, "tipo": 1, "formato": 1}}, {"model": "servicios.servicio", "pk": 88, "fields": {"nombre": "Drenaje linf\u00e1tico", "codigo": "", "abreviatura": "NN", "cups": "", "costo": null, "tipo": 1, "formato": 1}}, {"model": "servicios.servicio", "pk": 89, "fields": {"nombre": "Exfoliaci\u00f3n Corporal", "codigo": "", "abreviatura": "NN", "cups": "", "costo": null, "tipo": 1, "formato": 1}}, {"model": "servicios.servicio", "pk": 90, "fields": {"nombre": "Parafina spa mano", "codigo": "", "abreviatura": "NN", "cups": "", "costo": null, "tipo": 1, "formato": 1}}, {"model": "servicios.servicio", "pk": 91, "fields": {"nombre": "Pies", "codigo": "", "abreviatura": "NN", "cups": "", "costo": null, "tipo": 1, "formato": 1}}, {"model": "servicios.servicio", "pk": 92, "fields": {"nombre": "Ba\u00f1o de novia", "codigo": "", "abreviatura": "NN", "cups": "", "costo": null, "tipo": 1, "formato": 1}}, {"model": "servicios.servicio", "pk": 93, "fields": {"nombre": "Ba\u00f1o de chocolaterapia", "codigo": "", "abreviatura": "NN", "cups": "", "costo": null, "tipo": 1, "formato": 1}}, {"model": "servicios.servicio", "pk": 94, "fields": {"nombre": "Relajaci\u00f3n adan y eva", "codigo": "", "abreviatura": "NN", "cups": "", "costo": null, "tipo": 1, "formato": 1}}, {"model": "servicios.servicio", "pk": 95, "fields": {"nombre": "Spa de mano", "codigo": "", "abreviatura": "NN", "cups": "", "costo": null, "tipo": 1, "formato": 1}}, {"model": "servicios.servicio", "pk": 96, "fields": {"nombre": "Termobag", "codigo": "", "abreviatura": "NN", "cups": "", "costo": null, "tipo": 1, "formato": 1}}, {"model": "servicios.servicio", "pk": 97, "fields": {"nombre": "Vacunterapia", "codigo": "", "abreviatura": "NN", "cups": "", "costo": null, "tipo": 1, "formato": 1}}, {"model": "servicios.servicio", "pk": 98, "fields": {"nombre": "Gimnasia Pasiva", "codigo": "", "abreviatura": "NN", "cups": "", "costo": null, "tipo": 1, "formato": 1}}, {"model": "servicios.servicio", "pk": 99, "fields": {"nombre": "Carboxiterapia", "codigo": "", "abreviatura": "NN", "cups": "", "costo": null, "tipo": 1, "formato": 1}}, {"model": "servicios.servicio", "pk": 100, "fields": {"nombre": "Electroporacion", "codigo": "", "abreviatura": "NN", "cups": "", "costo": null, "tipo": 1, "formato": 1}}, {"model": "servicios.cliente", "pk": 1, "fields": {"nombre": "Particular", "razon_social": "Particular", "nit": "12345", "direccion": "", "telefono": null, "codigo": "", "ciudad": null, "sesiones_autorizacion": 0, "instituciones": [1]}}, {"model": "servicios.plan", "pk": 1, "fields": {"nombre": "Particular", "cliente": 1}}, {"model": "servicios.tarifa", "pk": 51, "fields": {"plan": 1, "servicio": 51, "valor": 200000}}, {"model": "servicios.tarifa", "pk": 52, "fields": {"plan": 1, "servicio": 52, "valor": 50000}}, {"model": "servicios.tarifa", "pk": 53, "fields": {"plan": 1, "servicio": 53, "valor": 100000}}, {"model": "servicios.tarifa", "pk": 54, "fields": {"plan": 1, "servicio": 54, "valor": 20000}}, {"model": "servicios.tarifa", "pk": 55, "fields": {"plan": 1, "servicio": 55, "valor": 10000}}, {"model": "servicios.tarifa", "pk": 56, "fields": {"plan": 1, "servicio": 56, "valor": 800000}}, {"model": "servicios.tarifa", "pk": 57, "fields": {"plan": 1, "servicio": 57, "valor": 1500000}}, {"model": "servicios.tarifa", "pk": 58, "fields": {"plan": 1, "servicio": 58, "valor": 180000}}, {"model": "servicios.tarifa", "pk": 59, "fields": {"plan": 1, "servicio": 59, "valor": 100000}}, {"model": "servicios.tarifa", "pk": 60, "fields": {"plan": 1, "servicio": 60, "valor": 90000}}, {"model": "servicios.tarifa", "pk": 61, "fields": {"plan": 1, "servicio": 61, "valor": 100000}}, {"model": "servicios.tarifa", "pk": 62, "fields": {"plan": 1, "servicio": 62, "valor": 80000}}, {"model": "servicios.tarifa", "pk": 63, "fields": {"plan": 1, "servicio": 63, "valor": 80000}}, {"model": "servicios.tarifa", "pk": 64, "fields": {"plan": 1, "servicio": 64, "valor": 50000}}, {"model": "servicios.tarifa", "pk": 65, "fields": {"plan": 1, "servicio": 65, "valor": 180000}}, {"model": "servicios.tarifa", "pk": 66, "fields": {"plan": 1, "servicio": 66, "valor": 200000}}, {"model": "servicios.tarifa", "pk": 67, "fields": {"plan": 1, "servicio": 67, "valor": 100000}}, {"model": "servicios.tarifa", "pk": 68, "fields": {"plan": 1, "servicio": 68, "valor": 130000}}, {"model": "servicios.tarifa", "pk": 69, "fields": {"plan": 1, "servicio": 69, "valor": 750000}}, {"model": "servicios.tarifa", "pk": 70, "fields": {"plan": 1, "servicio": 70, "valor": 550000}}, {"model": "servicios.tarifa", "pk": 71, "fields": {"plan": 1, "servicio": 71, "valor": 80000}}, {"model": "servicios.tarifa", "pk": 72, "fields": {"plan": 1, "servicio": 72, "valor": 150000}}, {"model": "servicios.tarifa", "pk": 73, "fields": {"plan": 1, "servicio": 73, "valor": 80000}}, {"model": "servicios.tarifa", "pk": 74, "fields": {"plan": 1, "servicio": 74, "valor": 35000}}, {"model": "servicios.tarifa", "pk": 75, "fields": {"plan": 1, "servicio": 75, "valor": 250000}}, {"model": "servicios.tarifa", "pk": 76, "fields": {"plan": 1, "servicio": 76, "valor": 80000}}, {"model": "servicios.tarifa", "pk": 77, "fields": {"plan": 1, "servicio": 77, "valor": 65000}}, {"model": "servicios.tarifa", "pk": 78, "fields": {"plan": 1, "servicio": 78, "valor": 15000}}, {"model": "servicios.tarifa", "pk": 79, "fields": {"plan": 1, "servicio": 79, "valor": 50000}}, {"model": "servicios.tarifa", "pk": 80, "fields": {"plan": 1, "servicio": 80, "valor": 150000}}, {"model": "servicios.tarifa", "pk": 81, "fields": {"plan": 1, "servicio": 81, "valor": 130000}}, {"model": "servicios.tarifa", "pk": 82, "fields": {"plan": 1, "servicio": 82, "valor": 250000}}, {"model": "servicios.tarifa", "pk": 83, "fields": {"plan": 1, "servicio": 83, "valor": 200000}}, {"model": "servicios.tarifa", "pk": 84, "fields": {"plan": 1, "servicio": 84, "valor": 150000}}, {"model": "servicios.tarifa", "pk": 85, "fields": {"plan": 1, "servicio": 85, "valor": 50000}}, {"model": "servicios.tarifa", "pk": 86, "fields": {"plan": 1, "servicio": 86, "valor": 70000}}, {"model": "servicios.tarifa", "pk": 87, "fields": {"plan": 1, "servicio": 87, "valor": 170000}}, {"model": "servicios.tarifa", "pk": 88, "fields": {"plan": 1, "servicio": 88, "valor": 50000}}, {"model": "servicios.tarifa", "pk": 89, "fields": {"plan": 1, "servicio": 89, "valor": 100000}}, {"model": "servicios.tarifa", "pk": 90, "fields": {"plan": 1, "servicio": 90, "valor": 60000}}, {"model": "servicios.tarifa", "pk": 91, "fields": {"plan": 1, "servicio": 91, "valor": 80000}}, {"model": "servicios.tarifa", "pk": 92, "fields": {"plan": 1, "servicio": 92, "valor": 250000}}, {"model": "servicios.tarifa", "pk": 93, "fields": {"plan": 1, "servicio": 93, "valor": 380000}}, {"model": "servicios.tarifa", "pk": 94, "fields": {"plan": 1, "servicio": 94, "valor": 400000}}, {"model": "servicios.tarifa", "pk": 95, "fields": {"plan": 1, "servicio": 95, "valor": 60000}}, {"model": "servicios.tarifa", "pk": 96, "fields": {"plan": 1, "servicio": 96, "valor": 130000}}, {"model": "servicios.tarifa", "pk": 97, "fields": {"plan": 1, "servicio": 97, "valor": 50000}}, {"model": "servicios.tarifa", "pk": 98, "fields": {"plan": 1, "servicio": 98, "valor": 40000}}, {"model": "servicios.tarifa", "pk": 99, "fields": {"plan": 1, "servicio": 99, "valor": 50000}}, {"model": "servicios.tarifa", "pk": 100, "fields": {"plan": 1, "servicio": 100, "valor": 10000}}, {"model": "organizacional.sucursal", "pk": 1, "fields": {"nombre": "NORTE", "direccion": "", "telefono": null}}, {"model": "organizacional.institucion", "pk": 1, "fields": {"nombre": "Unimsob", "razon_social": "Unimsob Ltda", "tipo_documento": "NI", "identificacion": "900082463-2", "codigo": "", "direccion": "Calle 85 N 47 - 28", "telefono": null, "ciudad": 1}}, {"model": "auth.user", "pk": 1, "fields": {"password": "pbkdf2_sha256$36000$pMpOGfgrFyzF$5OwRS1FD/f8JK2zCDxhKKZyllmjI+BSPwTpDvrH7ulI=", "last_login": "2017-12-01T16:10:12.224Z", "is_superuser": true, "username": "admin", "first_name": "", "last_name": "", "email": "a@as.com", "is_staff": true, "is_active": true, "date_joined": "2017-11-01T21:22:35.949Z", "groups": [], "user_permissions": []}}, {"model": "auth.user", "pk": 2, "fields": {"password": "pbkdf2_sha256$36000$PprlogHMpkzM$9hPiGKeqdJjYlo2BA/z6jcrA5Zvmjzvp02Efxf6atEI=", "last_login": null, "is_superuser": false, "username": "recepcion", "first_name": "", "last_name": "", "email": "", "is_staff": false, "is_active": true, "date_joined": "2017-11-01T21:26:47.751Z", "groups": [], "user_permissions": []}}, {"model": "auth.user", "pk": 3, "fields": {"password": "pbkdf2_sha256$36000$PxiCVDK1EyvC$iD1VnbWquVpIbITmQbbUsXPviRuWvX6W5/LXVtMZZ/8=", "last_login": null, "is_superuser": false, "username": "enfermera_jefe", "first_name": "", "last_name": "", "email": "", "is_staff": false, "is_active": true, "date_joined": "2017-11-01T21:29:51.649Z", "groups": [], "user_permissions": []}}, {"model": "auth.user", "pk": 4, "fields": {"password": "pbkdf2_sha256$36000$rAMZSIlpeLHE$ONsVvsMLF5cAEc7qvGmMPQVgkCqP7QsBJpBkBbyO6f4=", "last_login": null, "is_superuser": false, "username": "aux_enfermeria", "first_name": "", "last_name": "", "email": "", "is_staff": false, "is_active": true, "date_joined": "2017-11-01T21:31:12.037Z", "groups": [], "user_permissions": []}}, {"model": "auth.user", "pk": 5, "fields": {"password": "pbkdf2_sha256$36000$WGEuOjEHK2Pf$zu51DJsVLaoS2ujlvGMxZSf045kdlA1VCu3kg8Pywjk=", "last_login": null, "is_superuser": false, "username": "nutricion", "first_name": "", "last_name": "", "email": "", "is_staff": false, "is_active": true, "date_joined": "2017-11-01T21:32:19.799Z", "groups": [], "user_permissions": []}}, {"model": "auth.user", "pk": 6, "fields": {"password": "pbkdf2_sha256$36000$MjeI4v6H0GRo$YV155WVt/XA0ILw2WyfW+Dz4M70v4B3YyVh4grPcv0c=", "last_login": null, "is_superuser": false, "username": "psicologia", "first_name": "", "last_name": "", "email": "", "is_staff": false, "is_active": true, "date_joined": "2017-11-01T21:33:41.203Z", "groups": [], "user_permissions": []}}, {"model": "auth.user", "pk": 7, "fields": {"password": "pbkdf2_sha256$36000$Vxn27qKX9nTP$IzZhh/swaZZLGMVgssStR1t/YZSTTdc/2Ffznp79Ufo=", "last_login": null, "is_superuser": false, "username": "ehenriquez", "first_name": "", "last_name": "", "email": "", "is_staff": false, "is_active": true, "date_joined": "2017-11-01T21:34:50.756Z", "groups": [], "user_permissions": []}}, {"model": "auth.user", "pk": 8, "fields": {"password": "pbkdf2_sha256$36000$7qrfbu32boMA$udrlX848XYxnqZaRaEK/Mm0Whe2WQTzTQH6qoJBlFmo=", "last_login": null, "is_superuser": false, "username": "jchamorro", "first_name": "", "last_name": "", "email": "", "is_staff": false, "is_active": true, "date_joined": "2017-11-01T21:35:34.827Z", "groups": [], "user_permissions": []}}, {"model": "auth.user", "pk": 9, "fields": {"password": "pbkdf2_sha256$36000$begZImrniAoN$DUTLWt/VEKekwsnnW0hz13VCF4X7oJginij3ukx6RQA=", "last_login": null, "is_superuser": false, "username": "lpe\u00f1a", "first_name": "", "last_name": "", "email": "", "is_staff": false, "is_active": true, "date_joined": "2017-11-01T21:36:27.431Z", "groups": [], "user_permissions": []}}, {"model": "organizacional.empleado", "pk": 1, "fields": {"nombres": "Cindy", "apellidos": "Guerrero", "cedula": 1143123378, "activo": true, "registro_medico": "", "firma": "", "tipo": "A", "duracion_cita": null, "agenda": null, "sucursal": null, "usuario": 2, "instituciones": [1]}}, {"model": "organizacional.empleado", "pk": 2, "fields": {"nombres": "Lesly", "apellidos": "Paba Ramirez", "cedula": 1129575212, "activo": true, "registro_medico": "", "firma": "", "tipo": "A", "duracion_cita": null, "agenda": null, "sucursal": null, "usuario": 3, "instituciones": [1]}}, {"model": "organizacional.empleado", "pk": 3, "fields": {"nombres": "Patricia", "apellidos": "Pulido", "cedula": 32866790, "activo": true, "registro_medico": "", "firma": "", "tipo": "A", "duracion_cita": null, "agenda": null, "sucursal": null, "usuario": 4, "instituciones": [1]}}, {"model": "organizacional.empleado", "pk": 4, "fields": {"nombres": "Mariela", "apellidos": "Amador", "cedula": 32724555, "activo": true, "registro_medico": "", "firma": "", "tipo": "M", "duracion_cita": null, "agenda": null, "sucursal": null, "usuario": 5, "instituciones": [1]}}, {"model": "organizacional.empleado", "pk": 5, "fields": {"nombres": "Magibe", "apellidos": "Mendoza", "cedula": 1045680023, "activo": true, "registro_medico": "", "firma": "", "tipo": "M", "duracion_cita": null, "agenda": null, "sucursal": null, "usuario": 6, "instituciones": [1]}}, {"model": "organizacional.empleado", "pk": 6, "fields": {"nombres": "Evelyn", "apellidos": "Henriquez", "cedula": 32887664, "activo": true, "registro_medico": "", "firma": "", "tipo": "M", "duracion_cita": null, "agenda": null, "sucursal": null, "usuario": 7, "instituciones": [1]}}, {"model": "organizacional.empleado", "pk": 7, "fields": {"nombres": "Jhon", "apellidos": "Chamorro", "cedula": 72014900, "activo": true, "registro_medico": "", "firma": "", "tipo": "M", "duracion_cita": null, "agenda": null, "sucursal": null, "usuario": 8, "instituciones": [1]}}, {"model": "organizacional.empleado", "pk": 8, "fields": {"nombres": "Leidy", "apellidos": "Pe\u00f1a", "cedula": 44157973, "activo": true, "registro_medico": "", "firma": "", "tipo": "A", "duracion_cita": null, "agenda": null, "sucursal": null, "usuario": 9, "instituciones": [1]}}]